1, 'District1SubDistrict1', 1
1, 'District1SubDistrict1', 2
1, 'District1SubDistrict1', 3
1, 'District1SubDistrict1', 4
1, 'District1SubDistrict1', 5
1, 'District1SubDistrict1', 6
1, 'District1SubDistrict1', 7
1, 'District1SubDistrict1', 8
1, 'District1SubDistrict1', 9
2, 'District1SubDistrict2', 10
2, 'District1SubDistrict2', 11
2, 'District1SubDistrict2', 12
2, 'District1SubDistrict2', 13
2, 'District1SubDistrict2', 14
2, 'District1SubDistrict2', 15
2, 'District1SubDistrict2', 16
3, 'District1SubDistrict3', 17
3, 'District1SubDistrict3', 18
3, 'District1SubDistrict3', 19
3, 'District1SubDistrict3', 20
3, 'District1SubDistrict3', 21
4, 'District2SubDistrict1', 22
4, 'District2SubDistrict1', 23
4, 'District2SubDistrict1', 24
4, 'District2SubDistrict1', 25
4, 'District2SubDistrict1', 26
4, 'District2SubDistrict1', 27
4, 'District2SubDistrict1', 28
4, 'District2SubDistrict1', 29
5, 'District2SubDistrict2', 30
5, 'District2SubDistrict2', 31
5, 'District2SubDistrict2', 32
5, 'District2SubDistrict2', 33
5, 'District2SubDistrict2', 34
5, 'District2SubDistrict2', 35
5, 'District2SubDistrict2', 36
5, 'District2SubDistrict2', 37
6, 'District2SubDistrict3', 38
6, 'District2SubDistrict3', 39
6, 'District2SubDistrict3', 40
6, 'District2SubDistrict3', 41
6, 'District2SubDistrict3', 42
6, 'District2SubDistrict3', 43
6, 'District2SubDistrict3', 44
6, 'District2SubDistrict3', 45
6, 'District2SubDistrict3', 46
6, 'District2SubDistrict3', 47
7, 'District2SubDistrict4', 48
7, 'District2SubDistrict4', 49
7, 'District2SubDistrict4', 50
7, 'District2SubDistrict4', 51
7, 'District2SubDistrict4', 52
7, 'District2SubDistrict4', 53
7, 'District2SubDistrict4', 54
7, 'District2SubDistrict4', 55
7, 'District2SubDistrict4', 56
7, 'District2SubDistrict4', 57
8, 'District3SubDistrict1', 58
8, 'District3SubDistrict1', 59
8, 'District3SubDistrict1', 60
8, 'District3SubDistrict1', 61
9, 'District3SubDistrict2', 62
9, 'District3SubDistrict2', 63
9, 'District3SubDistrict2', 64
9, 'District3SubDistrict2', 65
9, 'District3SubDistrict2', 66
9, 'District3SubDistrict2', 67
10, 'District3SubDistrict3', 68
10, 'District3SubDistrict3', 69
10, 'District3SubDistrict3', 70
10, 'District3SubDistrict3', 71
11, 'District3SubDistrict4', 72
11, 'District3SubDistrict4', 73
11, 'District3SubDistrict4', 74
11, 'District3SubDistrict4', 75
11, 'District3SubDistrict4', 76
11, 'District3SubDistrict4', 77
11, 'District3SubDistrict4', 78
11, 'District3SubDistrict4', 79
12, 'District4SubDistrict1', 80
12, 'District4SubDistrict1', 81
12, 'District4SubDistrict1', 82
12, 'District4SubDistrict1', 83
12, 'District4SubDistrict1', 84
13, 'District4SubDistrict2', 85
13, 'District4SubDistrict2', 86
13, 'District4SubDistrict2', 87
13, 'District4SubDistrict2', 88
13, 'District4SubDistrict2', 89
14, 'District4SubDistrict3', 90
14, 'District4SubDistrict3', 91
14, 'District4SubDistrict3', 92
14, 'District4SubDistrict3', 93
14, 'District4SubDistrict3', 94
14, 'District4SubDistrict3', 95
14, 'District4SubDistrict3', 96
14, 'District4SubDistrict3', 97
15, 'District4SubDistrict4', 98
15, 'District4SubDistrict4', 99
15, 'District4SubDistrict4', 100
15, 'District4SubDistrict4', 101
15, 'District4SubDistrict4', 102
15, 'District4SubDistrict4', 103
17, 'District5SubDistrict2', 104
17, 'District5SubDistrict2', 105
17, 'District5SubDistrict2', 106
17, 'District5SubDistrict2', 107
17, 'District5SubDistrict2', 108
17, 'District5SubDistrict2', 109
16, 'District5SubDistrict1', 110
16, 'District5SubDistrict1', 111
16, 'District5SubDistrict1', 112
16, 'District5SubDistrict1', 113
16, 'District5SubDistrict1', 114
16, 'District5SubDistrict1', 115
19, 'District6SubDistrict2', 116
19, 'District6SubDistrict2', 117
19, 'District6SubDistrict2', 118
19, 'District6SubDistrict2', 119
19, 'District6SubDistrict2', 120
19, 'District6SubDistrict2', 121
19, 'District6SubDistrict2', 122
19, 'District6SubDistrict2', 123
19, 'District6SubDistrict2', 124
19, 'District6SubDistrict2', 125
18, 'District6SubDistrict1', 126
18, 'District6SubDistrict1', 127
18, 'District6SubDistrict1', 128
18, 'District6SubDistrict1', 129
18, 'District6SubDistrict1', 130
18, 'District6SubDistrict1', 131
18, 'District6SubDistrict1', 132
18, 'District6SubDistrict1', 133
21, 'District7SubDistrict2', 134
21, 'District7SubDistrict2', 135
21, 'District7SubDistrict2', 136
21, 'District7SubDistrict2', 137
21, 'District7SubDistrict2', 138
21, 'District7SubDistrict2', 139
21, 'District7SubDistrict2', 140
20, 'District7SubDistrict1', 141
20, 'District7SubDistrict1', 142
20, 'District7SubDistrict1', 143
20, 'District7SubDistrict1', 144
20, 'District7SubDistrict1', 145
20, 'District7SubDistrict1', 146
23, 'District7SubDistrict4', 147
23, 'District7SubDistrict4', 148
23, 'District7SubDistrict4', 149
23, 'District7SubDistrict4', 150
23, 'District7SubDistrict4', 151
23, 'District7SubDistrict4', 152
23, 'District7SubDistrict4', 153
23, 'District7SubDistrict4', 154
23, 'District7SubDistrict4', 155
23, 'District7SubDistrict4', 156
22, 'District7SubDistrict3', 157
22, 'District7SubDistrict3', 158
22, 'District7SubDistrict3', 159
22, 'District7SubDistrict3', 160
22, 'District7SubDistrict3', 161
22, 'District7SubDistrict3', 162
22, 'District7SubDistrict3', 163
22, 'District7SubDistrict3', 164
22, 'District7SubDistrict3', 165
25, 'District8SubDistrict2', 166
25, 'District8SubDistrict2', 167
25, 'District8SubDistrict2', 168
25, 'District8SubDistrict2', 169
25, 'District8SubDistrict2', 170
25, 'District8SubDistrict2', 171
25, 'District8SubDistrict2', 172
25, 'District8SubDistrict2', 173
25, 'District8SubDistrict2', 174
25, 'District8SubDistrict2', 175
24, 'District8SubDistrict1', 176
24, 'District8SubDistrict1', 177
24, 'District8SubDistrict1', 178
24, 'District8SubDistrict1', 179
24, 'District8SubDistrict1', 180
24, 'District8SubDistrict1', 181
24, 'District8SubDistrict1', 182
27, 'District8SubDistrict4', 183
27, 'District8SubDistrict4', 184
27, 'District8SubDistrict4', 185
27, 'District8SubDistrict4', 186
27, 'District8SubDistrict4', 187
27, 'District8SubDistrict4', 188
27, 'District8SubDistrict4', 189
27, 'District8SubDistrict4', 190
26, 'District8SubDistrict3', 191
26, 'District8SubDistrict3', 192
26, 'District8SubDistrict3', 193
26, 'District8SubDistrict3', 194
29, 'District9SubDistrict2', 195
29, 'District9SubDistrict2', 196
29, 'District9SubDistrict2', 197
29, 'District9SubDistrict2', 198
29, 'District9SubDistrict2', 199
29, 'District9SubDistrict2', 200
29, 'District9SubDistrict2', 201
29, 'District9SubDistrict2', 202
29, 'District9SubDistrict2', 203
29, 'District9SubDistrict2', 204
28, 'District9SubDistrict1', 205
28, 'District9SubDistrict1', 206
28, 'District9SubDistrict1', 207
28, 'District9SubDistrict1', 208
28, 'District9SubDistrict1', 209
28, 'District9SubDistrict1', 210
28, 'District9SubDistrict1', 211
31, 'District10SubDistrict2', 212
31, 'District10SubDistrict2', 213
31, 'District10SubDistrict2', 214
31, 'District10SubDistrict2', 215
31, 'District10SubDistrict2', 216
31, 'District10SubDistrict2', 217
31, 'District10SubDistrict2', 218
31, 'District10SubDistrict2', 219
31, 'District10SubDistrict2', 220
31, 'District10SubDistrict2', 221
30, 'District10SubDistrict1', 222
30, 'District10SubDistrict1', 223
30, 'District10SubDistrict1', 224
30, 'District10SubDistrict1', 225
30, 'District10SubDistrict1', 226
30, 'District10SubDistrict1', 227
30, 'District10SubDistrict1', 228
30, 'District10SubDistrict1', 229
34, 'District11SubDistrict3', 230
34, 'District11SubDistrict3', 231
34, 'District11SubDistrict3', 232
34, 'District11SubDistrict3', 233
34, 'District11SubDistrict3', 234
34, 'District11SubDistrict3', 235
35, 'District11SubDistrict4', 236
35, 'District11SubDistrict4', 237
35, 'District11SubDistrict4', 238
35, 'District11SubDistrict4', 239
32, 'District11SubDistrict1', 240
32, 'District11SubDistrict1', 241
32, 'District11SubDistrict1', 242
32, 'District11SubDistrict1', 243
32, 'District11SubDistrict1', 244
32, 'District11SubDistrict1', 245
32, 'District11SubDistrict1', 246
33, 'District11SubDistrict2', 247
33, 'District11SubDistrict2', 248
33, 'District11SubDistrict2', 249
33, 'District11SubDistrict2', 250
33, 'District11SubDistrict2', 251
33, 'District11SubDistrict2', 252
33, 'District11SubDistrict2', 253
38, 'District13SubDistrict1', 254
38, 'District13SubDistrict1', 255
38, 'District13SubDistrict1', 256
38, 'District13SubDistrict1', 257
38, 'District13SubDistrict1', 258
38, 'District13SubDistrict1', 259
38, 'District13SubDistrict1', 260
39, 'District13SubDistrict2', 261
39, 'District13SubDistrict2', 262
39, 'District13SubDistrict2', 263
39, 'District13SubDistrict2', 264
39, 'District13SubDistrict2', 265
36, 'District12SubDistrict1', 266
36, 'District12SubDistrict1', 267
36, 'District12SubDistrict1', 268
36, 'District12SubDistrict1', 269
37, 'District12SubDistrict2', 270
37, 'District12SubDistrict2', 271
37, 'District12SubDistrict2', 272
37, 'District12SubDistrict2', 273
37, 'District12SubDistrict2', 274
37, 'District12SubDistrict2', 275
37, 'District12SubDistrict2', 276
37, 'District12SubDistrict2', 277
42, 'District14SubDistrict2', 278
42, 'District14SubDistrict2', 279
42, 'District14SubDistrict2', 280
42, 'District14SubDistrict2', 281
42, 'District14SubDistrict2', 282
43, 'District14SubDistrict3', 283
43, 'District14SubDistrict3', 284
43, 'District14SubDistrict3', 285
43, 'District14SubDistrict3', 286
43, 'District14SubDistrict3', 287
40, 'District13SubDistrict3', 288
40, 'District13SubDistrict3', 289
40, 'District13SubDistrict3', 290
40, 'District13SubDistrict3', 291
40, 'District13SubDistrict3', 292
40, 'District13SubDistrict3', 293
41, 'District14SubDistrict1', 294
41, 'District14SubDistrict1', 295
41, 'District14SubDistrict1', 296
41, 'District14SubDistrict1', 297
41, 'District14SubDistrict1', 298
41, 'District14SubDistrict1', 299
41, 'District14SubDistrict1', 300
41, 'District14SubDistrict1', 301
41, 'District14SubDistrict1', 302
46, 'District15SubDistrict2', 303
46, 'District15SubDistrict2', 304
46, 'District15SubDistrict2', 305
46, 'District15SubDistrict2', 306
47, 'District16SubDistrict1', 307
47, 'District16SubDistrict1', 308
47, 'District16SubDistrict1', 309
47, 'District16SubDistrict1', 310
47, 'District16SubDistrict1', 311
47, 'District16SubDistrict1', 312
44, 'District14SubDistrict4', 313
44, 'District14SubDistrict4', 314
44, 'District14SubDistrict4', 315
44, 'District14SubDistrict4', 316
44, 'District14SubDistrict4', 317
44, 'District14SubDistrict4', 318
44, 'District14SubDistrict4', 319
44, 'District14SubDistrict4', 320
44, 'District14SubDistrict4', 321
44, 'District14SubDistrict4', 322
45, 'District15SubDistrict1', 323
45, 'District15SubDistrict1', 324
45, 'District15SubDistrict1', 325
45, 'District15SubDistrict1', 326
45, 'District15SubDistrict1', 327
45, 'District15SubDistrict1', 328
45, 'District15SubDistrict1', 329
45, 'District15SubDistrict1', 330
51, 'District18SubDistrict1', 331
51, 'District18SubDistrict1', 332
51, 'District18SubDistrict1', 333
51, 'District18SubDistrict1', 334
51, 'District18SubDistrict1', 335
51, 'District18SubDistrict1', 336
50, 'District17SubDistrict2', 337
50, 'District17SubDistrict2', 338
50, 'District17SubDistrict2', 339
50, 'District17SubDistrict2', 340
50, 'District17SubDistrict2', 341
50, 'District17SubDistrict2', 342
50, 'District17SubDistrict2', 343
49, 'District17SubDistrict1', 344
49, 'District17SubDistrict1', 345
49, 'District17SubDistrict1', 346
49, 'District17SubDistrict1', 347
49, 'District17SubDistrict1', 348
48, 'District16SubDistrict2', 349
48, 'District16SubDistrict2', 350
48, 'District16SubDistrict2', 351
48, 'District16SubDistrict2', 352
48, 'District16SubDistrict2', 353
48, 'District16SubDistrict2', 354
48, 'District16SubDistrict2', 355
55, 'District20SubDistrict1', 356
55, 'District20SubDistrict1', 357
55, 'District20SubDistrict1', 358
55, 'District20SubDistrict1', 359
55, 'District20SubDistrict1', 360
55, 'District20SubDistrict1', 361
55, 'District20SubDistrict1', 362
55, 'District20SubDistrict1', 363
55, 'District20SubDistrict1', 364
54, 'District19SubDistrict2', 365
54, 'District19SubDistrict2', 366
54, 'District19SubDistrict2', 367
54, 'District19SubDistrict2', 368
54, 'District19SubDistrict2', 369
54, 'District19SubDistrict2', 370
54, 'District19SubDistrict2', 371
54, 'District19SubDistrict2', 372
54, 'District19SubDistrict2', 373
54, 'District19SubDistrict2', 374
53, 'District19SubDistrict1', 375
53, 'District19SubDistrict1', 376
53, 'District19SubDistrict1', 377
53, 'District19SubDistrict1', 378
53, 'District19SubDistrict1', 379
53, 'District19SubDistrict1', 380
53, 'District19SubDistrict1', 381
53, 'District19SubDistrict1', 382
53, 'District19SubDistrict1', 383
53, 'District19SubDistrict1', 384
52, 'District18SubDistrict2', 385
52, 'District18SubDistrict2', 386
52, 'District18SubDistrict2', 387
52, 'District18SubDistrict2', 388
52, 'District18SubDistrict2', 389
52, 'District18SubDistrict2', 390
52, 'District18SubDistrict2', 391
52, 'District18SubDistrict2', 392
52, 'District18SubDistrict2', 393
52, 'District18SubDistrict2', 394
59, 'District21SubDistrict2', 395
59, 'District21SubDistrict2', 396
59, 'District21SubDistrict2', 397
59, 'District21SubDistrict2', 398
59, 'District21SubDistrict2', 399
58, 'District21SubDistrict1', 400
58, 'District21SubDistrict1', 401
58, 'District21SubDistrict1', 402
58, 'District21SubDistrict1', 403
58, 'District21SubDistrict1', 404
57, 'District20SubDistrict3', 405
57, 'District20SubDistrict3', 406
57, 'District20SubDistrict3', 407
57, 'District20SubDistrict3', 408
57, 'District20SubDistrict3', 409
56, 'District20SubDistrict2', 410
56, 'District20SubDistrict2', 411
56, 'District20SubDistrict2', 412
56, 'District20SubDistrict2', 413
63, 'District22SubDistrict2', 414
63, 'District22SubDistrict2', 415
63, 'District22SubDistrict2', 416
63, 'District22SubDistrict2', 417
63, 'District22SubDistrict2', 418
63, 'District22SubDistrict2', 419
63, 'District22SubDistrict2', 420
63, 'District22SubDistrict2', 421
63, 'District22SubDistrict2', 422
62, 'District22SubDistrict1', 423
62, 'District22SubDistrict1', 424
62, 'District22SubDistrict1', 425
62, 'District22SubDistrict1', 426
62, 'District22SubDistrict1', 427
62, 'District22SubDistrict1', 428
62, 'District22SubDistrict1', 429
62, 'District22SubDistrict1', 430
62, 'District22SubDistrict1', 431
61, 'District21SubDistrict4', 432
61, 'District21SubDistrict4', 433
61, 'District21SubDistrict4', 434
61, 'District21SubDistrict4', 435
61, 'District21SubDistrict4', 436
60, 'District21SubDistrict3', 437
60, 'District21SubDistrict3', 438
60, 'District21SubDistrict3', 439
60, 'District21SubDistrict3', 440
60, 'District21SubDistrict3', 441
60, 'District21SubDistrict3', 442
68, 'District24SubDistrict2', 443
68, 'District24SubDistrict2', 444
68, 'District24SubDistrict2', 445
68, 'District24SubDistrict2', 446
68, 'District24SubDistrict2', 447
68, 'District24SubDistrict2', 448
69, 'District25SubDistrict1', 449
69, 'District25SubDistrict1', 450
69, 'District25SubDistrict1', 451
69, 'District25SubDistrict1', 452
70, 'District25SubDistrict2', 453
70, 'District25SubDistrict2', 454
70, 'District25SubDistrict2', 455
70, 'District25SubDistrict2', 456
71, 'District25SubDistrict3', 457
71, 'District25SubDistrict3', 458
71, 'District25SubDistrict3', 459
71, 'District25SubDistrict3', 460
71, 'District25SubDistrict3', 461
71, 'District25SubDistrict3', 462
71, 'District25SubDistrict3', 463
71, 'District25SubDistrict3', 464
64, 'District22SubDistrict3', 465
64, 'District22SubDistrict3', 466
64, 'District22SubDistrict3', 467
64, 'District22SubDistrict3', 468
64, 'District22SubDistrict3', 469
65, 'District23SubDistrict1', 470
65, 'District23SubDistrict1', 471
65, 'District23SubDistrict1', 472
65, 'District23SubDistrict1', 473
65, 'District23SubDistrict1', 474
65, 'District23SubDistrict1', 475
65, 'District23SubDistrict1', 476
65, 'District23SubDistrict1', 477
66, 'District23SubDistrict2', 478
66, 'District23SubDistrict2', 479
66, 'District23SubDistrict2', 480
66, 'District23SubDistrict2', 481
66, 'District23SubDistrict2', 482
66, 'District23SubDistrict2', 483
66, 'District23SubDistrict2', 484
66, 'District23SubDistrict2', 485
66, 'District23SubDistrict2', 486
67, 'District24SubDistrict1', 487
67, 'District24SubDistrict1', 488
67, 'District24SubDistrict1', 489
67, 'District24SubDistrict1', 490
67, 'District24SubDistrict1', 491
67, 'District24SubDistrict1', 492
67, 'District24SubDistrict1', 493
67, 'District24SubDistrict1', 494
67, 'District24SubDistrict1', 495
67, 'District24SubDistrict1', 496
76, 'District28SubDistrict1', 497
76, 'District28SubDistrict1', 498
76, 'District28SubDistrict1', 499
76, 'District28SubDistrict1', 500
76, 'District28SubDistrict1', 501
76, 'District28SubDistrict1', 502
76, 'District28SubDistrict1', 503
76, 'District28SubDistrict1', 504
76, 'District28SubDistrict1', 505
76, 'District28SubDistrict1', 506
77, 'District28SubDistrict2', 507
77, 'District28SubDistrict2', 508
77, 'District28SubDistrict2', 509
77, 'District28SubDistrict2', 510
77, 'District28SubDistrict2', 511
77, 'District28SubDistrict2', 512
77, 'District28SubDistrict2', 513
77, 'District28SubDistrict2', 514
77, 'District28SubDistrict2', 515
77, 'District28SubDistrict2', 516
78, 'District28SubDistrict3', 517
78, 'District28SubDistrict3', 518
78, 'District28SubDistrict3', 519
78, 'District28SubDistrict3', 520
78, 'District28SubDistrict3', 521
78, 'District28SubDistrict3', 522
78, 'District28SubDistrict3', 523
78, 'District28SubDistrict3', 524
78, 'District28SubDistrict3', 525
79, 'District28SubDistrict4', 526
79, 'District28SubDistrict4', 527
79, 'District28SubDistrict4', 528
79, 'District28SubDistrict4', 529
79, 'District28SubDistrict4', 530
79, 'District28SubDistrict4', 531
79, 'District28SubDistrict4', 532
79, 'District28SubDistrict4', 533
79, 'District28SubDistrict4', 534
72, 'District26SubDistrict1', 535
72, 'District26SubDistrict1', 536
72, 'District26SubDistrict1', 537
72, 'District26SubDistrict1', 538
72, 'District26SubDistrict1', 539
72, 'District26SubDistrict1', 540
72, 'District26SubDistrict1', 541
72, 'District26SubDistrict1', 542
72, 'District26SubDistrict1', 543
72, 'District26SubDistrict1', 544
73, 'District26SubDistrict2', 545
73, 'District26SubDistrict2', 546
73, 'District26SubDistrict2', 547
73, 'District26SubDistrict2', 548
73, 'District26SubDistrict2', 549
73, 'District26SubDistrict2', 550
73, 'District26SubDistrict2', 551
73, 'District26SubDistrict2', 552
74, 'District27SubDistrict1', 553
74, 'District27SubDistrict1', 554
74, 'District27SubDistrict1', 555
74, 'District27SubDistrict1', 556
74, 'District27SubDistrict1', 557
74, 'District27SubDistrict1', 558
75, 'District27SubDistrict2', 559
75, 'District27SubDistrict2', 560
75, 'District27SubDistrict2', 561
75, 'District27SubDistrict2', 562
75, 'District27SubDistrict2', 563
75, 'District27SubDistrict2', 564
75, 'District27SubDistrict2', 565
75, 'District27SubDistrict2', 566
75, 'District27SubDistrict2', 567
75, 'District27SubDistrict2', 568
85, 'District30SubDistrict2', 569
85, 'District30SubDistrict2', 570
85, 'District30SubDistrict2', 571
85, 'District30SubDistrict2', 572
85, 'District30SubDistrict2', 573
85, 'District30SubDistrict2', 574
85, 'District30SubDistrict2', 575
84, 'District30SubDistrict1', 576
84, 'District30SubDistrict1', 577
84, 'District30SubDistrict1', 578
84, 'District30SubDistrict1', 579
84, 'District30SubDistrict1', 580
84, 'District30SubDistrict1', 581
84, 'District30SubDistrict1', 582
84, 'District30SubDistrict1', 583
84, 'District30SubDistrict1', 584
84, 'District30SubDistrict1', 585
87, 'District31SubDistrict1', 586
87, 'District31SubDistrict1', 587
87, 'District31SubDistrict1', 588
87, 'District31SubDistrict1', 589
87, 'District31SubDistrict1', 590
87, 'District31SubDistrict1', 591
87, 'District31SubDistrict1', 592
87, 'District31SubDistrict1', 593
87, 'District31SubDistrict1', 594
86, 'District30SubDistrict3', 595
86, 'District30SubDistrict3', 596
86, 'District30SubDistrict3', 597
86, 'District30SubDistrict3', 598
81, 'District29SubDistrict2', 599
81, 'District29SubDistrict2', 600
81, 'District29SubDistrict2', 601
81, 'District29SubDistrict2', 602
81, 'District29SubDistrict2', 603
81, 'District29SubDistrict2', 604
81, 'District29SubDistrict2', 605
80, 'District29SubDistrict1', 606
80, 'District29SubDistrict1', 607
80, 'District29SubDistrict1', 608
80, 'District29SubDistrict1', 609
83, 'District29SubDistrict4', 610
83, 'District29SubDistrict4', 611
83, 'District29SubDistrict4', 612
83, 'District29SubDistrict4', 613
83, 'District29SubDistrict4', 614
83, 'District29SubDistrict4', 615
83, 'District29SubDistrict4', 616
83, 'District29SubDistrict4', 617
83, 'District29SubDistrict4', 618
83, 'District29SubDistrict4', 619
82, 'District29SubDistrict3', 620
82, 'District29SubDistrict3', 621
82, 'District29SubDistrict3', 622
82, 'District29SubDistrict3', 623
93, 'District32SubDistrict3', 624
93, 'District32SubDistrict3', 625
93, 'District32SubDistrict3', 626
93, 'District32SubDistrict3', 627
93, 'District32SubDistrict3', 628
92, 'District32SubDistrict2', 629
92, 'District32SubDistrict2', 630
92, 'District32SubDistrict2', 631
92, 'District32SubDistrict2', 632
92, 'District32SubDistrict2', 633
92, 'District32SubDistrict2', 634
92, 'District32SubDistrict2', 635
92, 'District32SubDistrict2', 636
92, 'District32SubDistrict2', 637
95, 'District33SubDistrict2', 638
95, 'District33SubDistrict2', 639
95, 'District33SubDistrict2', 640
95, 'District33SubDistrict2', 641
95, 'District33SubDistrict2', 642
95, 'District33SubDistrict2', 643
95, 'District33SubDistrict2', 644
95, 'District33SubDistrict2', 645
94, 'District33SubDistrict1', 646
94, 'District33SubDistrict1', 647
94, 'District33SubDistrict1', 648
94, 'District33SubDistrict1', 649
94, 'District33SubDistrict1', 650
89, 'District31SubDistrict3', 651
89, 'District31SubDistrict3', 652
89, 'District31SubDistrict3', 653
89, 'District31SubDistrict3', 654
89, 'District31SubDistrict3', 655
88, 'District31SubDistrict2', 656
88, 'District31SubDistrict2', 657
88, 'District31SubDistrict2', 658
88, 'District31SubDistrict2', 659
91, 'District32SubDistrict1', 660
91, 'District32SubDistrict1', 661
91, 'District32SubDistrict1', 662
91, 'District32SubDistrict1', 663
91, 'District32SubDistrict1', 664
91, 'District32SubDistrict1', 665
91, 'District32SubDistrict1', 666
91, 'District32SubDistrict1', 667
91, 'District32SubDistrict1', 668
90, 'District31SubDistrict4', 669
90, 'District31SubDistrict4', 670
90, 'District31SubDistrict4', 671
90, 'District31SubDistrict4', 672
90, 'District31SubDistrict4', 673
90, 'District31SubDistrict4', 674
90, 'District31SubDistrict4', 675
90, 'District31SubDistrict4', 676
102, 'District35SubDistrict2', 677
102, 'District35SubDistrict2', 678
102, 'District35SubDistrict2', 679
102, 'District35SubDistrict2', 680
102, 'District35SubDistrict2', 681
102, 'District35SubDistrict2', 682
103, 'District35SubDistrict3', 683
103, 'District35SubDistrict3', 684
103, 'District35SubDistrict3', 685
103, 'District35SubDistrict3', 686
100, 'District34SubDistrict3', 687
100, 'District34SubDistrict3', 688
100, 'District34SubDistrict3', 689
100, 'District34SubDistrict3', 690
100, 'District34SubDistrict3', 691
100, 'District34SubDistrict3', 692
100, 'District34SubDistrict3', 693
100, 'District34SubDistrict3', 694
101, 'District35SubDistrict1', 695
101, 'District35SubDistrict1', 696
101, 'District35SubDistrict1', 697
101, 'District35SubDistrict1', 698
101, 'District35SubDistrict1', 699
101, 'District35SubDistrict1', 700
101, 'District35SubDistrict1', 701
101, 'District35SubDistrict1', 702
98, 'District34SubDistrict1', 703
98, 'District34SubDistrict1', 704
98, 'District34SubDistrict1', 705
98, 'District34SubDistrict1', 706
98, 'District34SubDistrict1', 707
98, 'District34SubDistrict1', 708
99, 'District34SubDistrict2', 709
99, 'District34SubDistrict2', 710
99, 'District34SubDistrict2', 711
99, 'District34SubDistrict2', 712
99, 'District34SubDistrict2', 713
99, 'District34SubDistrict2', 714
99, 'District34SubDistrict2', 715
99, 'District34SubDistrict2', 716
96, 'District33SubDistrict3', 717
96, 'District33SubDistrict3', 718
96, 'District33SubDistrict3', 719
96, 'District33SubDistrict3', 720
96, 'District33SubDistrict3', 721
96, 'District33SubDistrict3', 722
96, 'District33SubDistrict3', 723
97, 'District33SubDistrict4', 724
97, 'District33SubDistrict4', 725
97, 'District33SubDistrict4', 726
97, 'District33SubDistrict4', 727
97, 'District33SubDistrict4', 728
97, 'District33SubDistrict4', 729
110, 'District38SubDistrict2', 730
110, 'District38SubDistrict2', 731
110, 'District38SubDistrict2', 732
110, 'District38SubDistrict2', 733
110, 'District38SubDistrict2', 734
110, 'District38SubDistrict2', 735
110, 'District38SubDistrict2', 736
110, 'District38SubDistrict2', 737
111, 'District38SubDistrict3', 738
111, 'District38SubDistrict3', 739
111, 'District38SubDistrict3', 740
111, 'District38SubDistrict3', 741
111, 'District38SubDistrict3', 742
111, 'District38SubDistrict3', 743
111, 'District38SubDistrict3', 744
108, 'District37SubDistrict3', 745
108, 'District37SubDistrict3', 746
108, 'District37SubDistrict3', 747
108, 'District37SubDistrict3', 748
108, 'District37SubDistrict3', 749
108, 'District37SubDistrict3', 750
109, 'District38SubDistrict1', 751
109, 'District38SubDistrict1', 752
109, 'District38SubDistrict1', 753
109, 'District38SubDistrict1', 754
109, 'District38SubDistrict1', 755
106, 'District37SubDistrict1', 756
106, 'District37SubDistrict1', 757
106, 'District37SubDistrict1', 758
106, 'District37SubDistrict1', 759
106, 'District37SubDistrict1', 760
106, 'District37SubDistrict1', 761
106, 'District37SubDistrict1', 762
106, 'District37SubDistrict1', 763
107, 'District37SubDistrict2', 764
107, 'District37SubDistrict2', 765
107, 'District37SubDistrict2', 766
107, 'District37SubDistrict2', 767
107, 'District37SubDistrict2', 768
107, 'District37SubDistrict2', 769
104, 'District36SubDistrict1', 770
104, 'District36SubDistrict1', 771
104, 'District36SubDistrict1', 772
104, 'District36SubDistrict1', 773
104, 'District36SubDistrict1', 774
104, 'District36SubDistrict1', 775
104, 'District36SubDistrict1', 776
104, 'District36SubDistrict1', 777
104, 'District36SubDistrict1', 778
105, 'District36SubDistrict2', 779
105, 'District36SubDistrict2', 780
105, 'District36SubDistrict2', 781
105, 'District36SubDistrict2', 782
105, 'District36SubDistrict2', 783
105, 'District36SubDistrict2', 784
105, 'District36SubDistrict2', 785
105, 'District36SubDistrict2', 786
119, 'District41SubDistrict1', 787
119, 'District41SubDistrict1', 788
119, 'District41SubDistrict1', 789
119, 'District41SubDistrict1', 790
119, 'District41SubDistrict1', 791
118, 'District40SubDistrict4', 792
118, 'District40SubDistrict4', 793
118, 'District40SubDistrict4', 794
118, 'District40SubDistrict4', 795
118, 'District40SubDistrict4', 796
118, 'District40SubDistrict4', 797
118, 'District40SubDistrict4', 798
118, 'District40SubDistrict4', 799
118, 'District40SubDistrict4', 800
117, 'District40SubDistrict3', 801
117, 'District40SubDistrict3', 802
117, 'District40SubDistrict3', 803
117, 'District40SubDistrict3', 804
117, 'District40SubDistrict3', 805
117, 'District40SubDistrict3', 806
116, 'District40SubDistrict2', 807
116, 'District40SubDistrict2', 808
116, 'District40SubDistrict2', 809
116, 'District40SubDistrict2', 810
116, 'District40SubDistrict2', 811
116, 'District40SubDistrict2', 812
116, 'District40SubDistrict2', 813
116, 'District40SubDistrict2', 814
115, 'District40SubDistrict1', 815
115, 'District40SubDistrict1', 816
115, 'District40SubDistrict1', 817
115, 'District40SubDistrict1', 818
115, 'District40SubDistrict1', 819
115, 'District40SubDistrict1', 820
115, 'District40SubDistrict1', 821
115, 'District40SubDistrict1', 822
114, 'District39SubDistrict2', 823
114, 'District39SubDistrict2', 824
114, 'District39SubDistrict2', 825
114, 'District39SubDistrict2', 826
114, 'District39SubDistrict2', 827
114, 'District39SubDistrict2', 828
113, 'District39SubDistrict1', 829
113, 'District39SubDistrict1', 830
113, 'District39SubDistrict1', 831
113, 'District39SubDistrict1', 832
113, 'District39SubDistrict1', 833
113, 'District39SubDistrict1', 834
113, 'District39SubDistrict1', 835
113, 'District39SubDistrict1', 836
113, 'District39SubDistrict1', 837
112, 'District38SubDistrict4', 838
112, 'District38SubDistrict4', 839
112, 'District38SubDistrict4', 840
112, 'District38SubDistrict4', 841
112, 'District38SubDistrict4', 842
112, 'District38SubDistrict4', 843
112, 'District38SubDistrict4', 844
112, 'District38SubDistrict4', 845
112, 'District38SubDistrict4', 846
127, 'District43SubDistrict4', 847
127, 'District43SubDistrict4', 848
127, 'District43SubDistrict4', 849
127, 'District43SubDistrict4', 850
127, 'District43SubDistrict4', 851
127, 'District43SubDistrict4', 852
127, 'District43SubDistrict4', 853
126, 'District43SubDistrict3', 854
126, 'District43SubDistrict3', 855
126, 'District43SubDistrict3', 856
126, 'District43SubDistrict3', 857
126, 'District43SubDistrict3', 858
126, 'District43SubDistrict3', 859
126, 'District43SubDistrict3', 860
126, 'District43SubDistrict3', 861
126, 'District43SubDistrict3', 862
126, 'District43SubDistrict3', 863
125, 'District43SubDistrict2', 864
125, 'District43SubDistrict2', 865
125, 'District43SubDistrict2', 866
125, 'District43SubDistrict2', 867
125, 'District43SubDistrict2', 868
125, 'District43SubDistrict2', 869
125, 'District43SubDistrict2', 870
125, 'District43SubDistrict2', 871
125, 'District43SubDistrict2', 872
125, 'District43SubDistrict2', 873
124, 'District43SubDistrict1', 874
124, 'District43SubDistrict1', 875
124, 'District43SubDistrict1', 876
124, 'District43SubDistrict1', 877
124, 'District43SubDistrict1', 878
123, 'District42SubDistrict3', 879
123, 'District42SubDistrict3', 880
123, 'District42SubDistrict3', 881
123, 'District42SubDistrict3', 882
123, 'District42SubDistrict3', 883
123, 'District42SubDistrict3', 884
123, 'District42SubDistrict3', 885
122, 'District42SubDistrict2', 886
122, 'District42SubDistrict2', 887
122, 'District42SubDistrict2', 888
122, 'District42SubDistrict2', 889
121, 'District42SubDistrict1', 890
121, 'District42SubDistrict1', 891
121, 'District42SubDistrict1', 892
121, 'District42SubDistrict1', 893
121, 'District42SubDistrict1', 894
121, 'District42SubDistrict1', 895
120, 'District41SubDistrict2', 896
120, 'District41SubDistrict2', 897
120, 'District41SubDistrict2', 898
120, 'District41SubDistrict2', 899
120, 'District41SubDistrict2', 900
120, 'District41SubDistrict2', 901
120, 'District41SubDistrict2', 902
137, 'District47SubDistrict2', 903
137, 'District47SubDistrict2', 904
137, 'District47SubDistrict2', 905
137, 'District47SubDistrict2', 906
137, 'District47SubDistrict2', 907
137, 'District47SubDistrict2', 908
137, 'District47SubDistrict2', 909
137, 'District47SubDistrict2', 910
136, 'District47SubDistrict1', 911
136, 'District47SubDistrict1', 912
136, 'District47SubDistrict1', 913
136, 'District47SubDistrict1', 914
139, 'District48SubDistrict2', 915
139, 'District48SubDistrict2', 916
139, 'District48SubDistrict2', 917
139, 'District48SubDistrict2', 918
139, 'District48SubDistrict2', 919
139, 'District48SubDistrict2', 920
139, 'District48SubDistrict2', 921
139, 'District48SubDistrict2', 922
138, 'District48SubDistrict1', 923
138, 'District48SubDistrict1', 924
138, 'District48SubDistrict1', 925
138, 'District48SubDistrict1', 926
138, 'District48SubDistrict1', 927
138, 'District48SubDistrict1', 928
141, 'District48SubDistrict4', 929
141, 'District48SubDistrict4', 930
141, 'District48SubDistrict4', 931
141, 'District48SubDistrict4', 932
141, 'District48SubDistrict4', 933
141, 'District48SubDistrict4', 934
141, 'District48SubDistrict4', 935
141, 'District48SubDistrict4', 936
140, 'District48SubDistrict3', 937
140, 'District48SubDistrict3', 938
140, 'District48SubDistrict3', 939
140, 'District48SubDistrict3', 940
140, 'District48SubDistrict3', 941
140, 'District48SubDistrict3', 942
140, 'District48SubDistrict3', 943
140, 'District48SubDistrict3', 944
140, 'District48SubDistrict3', 945
143, 'District49SubDistrict2', 946
143, 'District49SubDistrict2', 947
143, 'District49SubDistrict2', 948
143, 'District49SubDistrict2', 949
143, 'District49SubDistrict2', 950
143, 'District49SubDistrict2', 951
143, 'District49SubDistrict2', 952
143, 'District49SubDistrict2', 953
143, 'District49SubDistrict2', 954
142, 'District49SubDistrict1', 955
142, 'District49SubDistrict1', 956
142, 'District49SubDistrict1', 957
142, 'District49SubDistrict1', 958
142, 'District49SubDistrict1', 959
142, 'District49SubDistrict1', 960
129, 'District44SubDistrict2', 961
129, 'District44SubDistrict2', 962
129, 'District44SubDistrict2', 963
129, 'District44SubDistrict2', 964
129, 'District44SubDistrict2', 965
129, 'District44SubDistrict2', 966
129, 'District44SubDistrict2', 967
129, 'District44SubDistrict2', 968
128, 'District44SubDistrict1', 969
128, 'District44SubDistrict1', 970
128, 'District44SubDistrict1', 971
128, 'District44SubDistrict1', 972
128, 'District44SubDistrict1', 973
128, 'District44SubDistrict1', 974
128, 'District44SubDistrict1', 975
128, 'District44SubDistrict1', 976
131, 'District45SubDistrict1', 977
131, 'District45SubDistrict1', 978
131, 'District45SubDistrict1', 979
131, 'District45SubDistrict1', 980
131, 'District45SubDistrict1', 981
131, 'District45SubDistrict1', 982
131, 'District45SubDistrict1', 983
130, 'District44SubDistrict3', 984
130, 'District44SubDistrict3', 985
130, 'District44SubDistrict3', 986
130, 'District44SubDistrict3', 987
130, 'District44SubDistrict3', 988
130, 'District44SubDistrict3', 989
130, 'District44SubDistrict3', 990
130, 'District44SubDistrict3', 991
130, 'District44SubDistrict3', 992
133, 'District45SubDistrict3', 993
133, 'District45SubDistrict3', 994
133, 'District45SubDistrict3', 995
133, 'District45SubDistrict3', 996
133, 'District45SubDistrict3', 997
133, 'District45SubDistrict3', 998
133, 'District45SubDistrict3', 999
132, 'District45SubDistrict2', 1000
132, 'District45SubDistrict2', 1001
132, 'District45SubDistrict2', 1002
132, 'District45SubDistrict2', 1003
132, 'District45SubDistrict2', 1004
132, 'District45SubDistrict2', 1005
132, 'District45SubDistrict2', 1006
132, 'District45SubDistrict2', 1007
132, 'District45SubDistrict2', 1008
132, 'District45SubDistrict2', 1009
135, 'District46SubDistrict2', 1010
135, 'District46SubDistrict2', 1011
135, 'District46SubDistrict2', 1012
135, 'District46SubDistrict2', 1013
135, 'District46SubDistrict2', 1014
135, 'District46SubDistrict2', 1015
135, 'District46SubDistrict2', 1016
135, 'District46SubDistrict2', 1017
134, 'District46SubDistrict1', 1018
134, 'District46SubDistrict1', 1019
134, 'District46SubDistrict1', 1020
134, 'District46SubDistrict1', 1021
134, 'District46SubDistrict1', 1022
134, 'District46SubDistrict1', 1023
134, 'District46SubDistrict1', 1024
152, 'District54SubDistrict1', 1025
152, 'District54SubDistrict1', 1026
152, 'District54SubDistrict1', 1027
152, 'District54SubDistrict1', 1028
152, 'District54SubDistrict1', 1029
152, 'District54SubDistrict1', 1030
152, 'District54SubDistrict1', 1031
152, 'District54SubDistrict1', 1032
153, 'District54SubDistrict2', 1033
153, 'District54SubDistrict2', 1034
153, 'District54SubDistrict2', 1035
153, 'District54SubDistrict2', 1036
153, 'District54SubDistrict2', 1037
153, 'District54SubDistrict2', 1038
154, 'District54SubDistrict3', 1039
154, 'District54SubDistrict3', 1040
154, 'District54SubDistrict3', 1041
154, 'District54SubDistrict3', 1042
154, 'District54SubDistrict3', 1043
154, 'District54SubDistrict3', 1044
154, 'District54SubDistrict3', 1045
154, 'District54SubDistrict3', 1046
154, 'District54SubDistrict3', 1047
154, 'District54SubDistrict3', 1048
155, 'District55SubDistrict1', 1049
155, 'District55SubDistrict1', 1050
155, 'District55SubDistrict1', 1051
155, 'District55SubDistrict1', 1052
155, 'District55SubDistrict1', 1053
155, 'District55SubDistrict1', 1054
155, 'District55SubDistrict1', 1055
155, 'District55SubDistrict1', 1056
156, 'District55SubDistrict2', 1057
156, 'District55SubDistrict2', 1058
156, 'District55SubDistrict2', 1059
156, 'District55SubDistrict2', 1060
156, 'District55SubDistrict2', 1061
156, 'District55SubDistrict2', 1062
157, 'District56SubDistrict1', 1063
157, 'District56SubDistrict1', 1064
157, 'District56SubDistrict1', 1065
157, 'District56SubDistrict1', 1066
157, 'District56SubDistrict1', 1067
157, 'District56SubDistrict1', 1068
157, 'District56SubDistrict1', 1069
158, 'District56SubDistrict2', 1070
158, 'District56SubDistrict2', 1071
158, 'District56SubDistrict2', 1072
158, 'District56SubDistrict2', 1073
158, 'District56SubDistrict2', 1074
158, 'District56SubDistrict2', 1075
158, 'District56SubDistrict2', 1076
159, 'District56SubDistrict3', 1077
159, 'District56SubDistrict3', 1078
159, 'District56SubDistrict3', 1079
159, 'District56SubDistrict3', 1080
159, 'District56SubDistrict3', 1081
159, 'District56SubDistrict3', 1082
144, 'District50SubDistrict1', 1083
144, 'District50SubDistrict1', 1084
144, 'District50SubDistrict1', 1085
144, 'District50SubDistrict1', 1086
144, 'District50SubDistrict1', 1087
144, 'District50SubDistrict1', 1088
144, 'District50SubDistrict1', 1089
145, 'District50SubDistrict2', 1090
145, 'District50SubDistrict2', 1091
145, 'District50SubDistrict2', 1092
145, 'District50SubDistrict2', 1093
145, 'District50SubDistrict2', 1094
145, 'District50SubDistrict2', 1095
145, 'District50SubDistrict2', 1096
146, 'District51SubDistrict1', 1097
146, 'District51SubDistrict1', 1098
146, 'District51SubDistrict1', 1099
146, 'District51SubDistrict1', 1100
146, 'District51SubDistrict1', 1101
146, 'District51SubDistrict1', 1102
147, 'District51SubDistrict2', 1103
147, 'District51SubDistrict2', 1104
147, 'District51SubDistrict2', 1105
147, 'District51SubDistrict2', 1106
148, 'District52SubDistrict1', 1107
148, 'District52SubDistrict1', 1108
148, 'District52SubDistrict1', 1109
148, 'District52SubDistrict1', 1110
148, 'District52SubDistrict1', 1111
148, 'District52SubDistrict1', 1112
148, 'District52SubDistrict1', 1113
148, 'District52SubDistrict1', 1114
148, 'District52SubDistrict1', 1115
149, 'District52SubDistrict2', 1116
149, 'District52SubDistrict2', 1117
149, 'District52SubDistrict2', 1118
149, 'District52SubDistrict2', 1119
149, 'District52SubDistrict2', 1120
149, 'District52SubDistrict2', 1121
149, 'District52SubDistrict2', 1122
149, 'District52SubDistrict2', 1123
149, 'District52SubDistrict2', 1124
149, 'District52SubDistrict2', 1125
150, 'District53SubDistrict1', 1126
150, 'District53SubDistrict1', 1127
150, 'District53SubDistrict1', 1128
150, 'District53SubDistrict1', 1129
150, 'District53SubDistrict1', 1130
150, 'District53SubDistrict1', 1131
150, 'District53SubDistrict1', 1132
150, 'District53SubDistrict1', 1133
151, 'District53SubDistrict2', 1134
151, 'District53SubDistrict2', 1135
151, 'District53SubDistrict2', 1136
151, 'District53SubDistrict2', 1137
151, 'District53SubDistrict2', 1138
151, 'District53SubDistrict2', 1139
151, 'District53SubDistrict2', 1140
169, 'District60SubDistrict2', 1141
169, 'District60SubDistrict2', 1142
169, 'District60SubDistrict2', 1143
169, 'District60SubDistrict2', 1144
169, 'District60SubDistrict2', 1145
168, 'District60SubDistrict1', 1146
168, 'District60SubDistrict1', 1147
168, 'District60SubDistrict1', 1148
168, 'District60SubDistrict1', 1149
168, 'District60SubDistrict1', 1150
168, 'District60SubDistrict1', 1151
168, 'District60SubDistrict1', 1152
163, 'District58SubDistrict1', 1153
163, 'District58SubDistrict1', 1154
163, 'District58SubDistrict1', 1155
163, 'District58SubDistrict1', 1156
163, 'District58SubDistrict1', 1157
163, 'District58SubDistrict1', 1158
163, 'District58SubDistrict1', 1159
163, 'District58SubDistrict1', 1160
163, 'District58SubDistrict1', 1161
162, 'District57SubDistrict2', 1162
162, 'District57SubDistrict2', 1163
162, 'District57SubDistrict2', 1164
162, 'District57SubDistrict2', 1165
162, 'District57SubDistrict2', 1166
161, 'District57SubDistrict1', 1167
161, 'District57SubDistrict1', 1168
161, 'District57SubDistrict1', 1169
161, 'District57SubDistrict1', 1170
161, 'District57SubDistrict1', 1171
161, 'District57SubDistrict1', 1172
161, 'District57SubDistrict1', 1173
160, 'District56SubDistrict4', 1174
160, 'District56SubDistrict4', 1175
160, 'District56SubDistrict4', 1176
160, 'District56SubDistrict4', 1177
160, 'District56SubDistrict4', 1178
160, 'District56SubDistrict4', 1179
167, 'District59SubDistrict2', 1180
167, 'District59SubDistrict2', 1181
167, 'District59SubDistrict2', 1182
167, 'District59SubDistrict2', 1183
167, 'District59SubDistrict2', 1184
167, 'District59SubDistrict2', 1185
167, 'District59SubDistrict2', 1186
167, 'District59SubDistrict2', 1187
167, 'District59SubDistrict2', 1188
167, 'District59SubDistrict2', 1189
166, 'District59SubDistrict1', 1190
166, 'District59SubDistrict1', 1191
166, 'District59SubDistrict1', 1192
166, 'District59SubDistrict1', 1193
166, 'District59SubDistrict1', 1194
166, 'District59SubDistrict1', 1195
166, 'District59SubDistrict1', 1196
166, 'District59SubDistrict1', 1197
165, 'District58SubDistrict3', 1198
165, 'District58SubDistrict3', 1199
165, 'District58SubDistrict3', 1200
165, 'District58SubDistrict3', 1201
165, 'District58SubDistrict3', 1202
164, 'District58SubDistrict2', 1203
164, 'District58SubDistrict2', 1204
164, 'District58SubDistrict2', 1205
164, 'District58SubDistrict2', 1206
