1, District1SubDistrict1, 1
1, District1SubDistrict1, 2
1, District1SubDistrict1, 3
1, District1SubDistrict1, 4
1, District1SubDistrict1, 5
1, District1SubDistrict1, 6
1, District1SubDistrict1, 7
2, District1SubDistrict2, 8
2, District1SubDistrict2, 9
2, District1SubDistrict2, 10
2, District1SubDistrict2, 11
2, District1SubDistrict2, 12
2, District1SubDistrict2, 13
2, District1SubDistrict2, 14
3, District1SubDistrict3, 15
3, District1SubDistrict3, 16
3, District1SubDistrict3, 17
3, District1SubDistrict3, 18
3, District1SubDistrict3, 19
3, District1SubDistrict3, 20
4, District2SubDistrict1, 21
4, District2SubDistrict1, 22
4, District2SubDistrict1, 23
4, District2SubDistrict1, 24
5, District2SubDistrict2, 25
5, District2SubDistrict2, 26
5, District2SubDistrict2, 27
5, District2SubDistrict2, 28
5, District2SubDistrict2, 29
5, District2SubDistrict2, 30
5, District2SubDistrict2, 31
5, District2SubDistrict2, 32
5, District2SubDistrict2, 33
5, District2SubDistrict2, 34
6, District2SubDistrict3, 35
6, District2SubDistrict3, 36
6, District2SubDistrict3, 37
6, District2SubDistrict3, 38
6, District2SubDistrict3, 39
6, District2SubDistrict3, 40
6, District2SubDistrict3, 41
6, District2SubDistrict3, 42
6, District2SubDistrict3, 43
7, District2SubDistrict4, 44
7, District2SubDistrict4, 45
7, District2SubDistrict4, 46
7, District2SubDistrict4, 47
7, District2SubDistrict4, 48
7, District2SubDistrict4, 49
7, District2SubDistrict4, 50
7, District2SubDistrict4, 51
7, District2SubDistrict4, 52
8, District3SubDistrict1, 53
8, District3SubDistrict1, 54
8, District3SubDistrict1, 55
8, District3SubDistrict1, 56
8, District3SubDistrict1, 57
8, District3SubDistrict1, 58
9, District3SubDistrict2, 59
9, District3SubDistrict2, 60
9, District3SubDistrict2, 61
9, District3SubDistrict2, 62
9, District3SubDistrict2, 63
9, District3SubDistrict2, 64
9, District3SubDistrict2, 65
9, District3SubDistrict2, 66
9, District3SubDistrict2, 67
10, District3SubDistrict3, 68
10, District3SubDistrict3, 69
10, District3SubDistrict3, 70
10, District3SubDistrict3, 71
10, District3SubDistrict3, 72
10, District3SubDistrict3, 73
10, District3SubDistrict3, 74
10, District3SubDistrict3, 75
10, District3SubDistrict3, 76
10, District3SubDistrict3, 77
11, District4SubDistrict1, 78
11, District4SubDistrict1, 79
11, District4SubDistrict1, 80
11, District4SubDistrict1, 81
11, District4SubDistrict1, 82
11, District4SubDistrict1, 83
11, District4SubDistrict1, 84
11, District4SubDistrict1, 85
11, District4SubDistrict1, 86
11, District4SubDistrict1, 87
12, District4SubDistrict2, 88
12, District4SubDistrict2, 89
12, District4SubDistrict2, 90
12, District4SubDistrict2, 91
12, District4SubDistrict2, 92
13, District4SubDistrict3, 93
13, District4SubDistrict3, 94
13, District4SubDistrict3, 95
13, District4SubDistrict3, 96
13, District4SubDistrict3, 97
13, District4SubDistrict3, 98
14, District4SubDistrict4, 99
14, District4SubDistrict4, 100
14, District4SubDistrict4, 101
14, District4SubDistrict4, 102
14, District4SubDistrict4, 103
14, District4SubDistrict4, 104
14, District4SubDistrict4, 105
14, District4SubDistrict4, 106
14, District4SubDistrict4, 107
14, District4SubDistrict4, 108
15, District5SubDistrict1, 109
15, District5SubDistrict1, 110
15, District5SubDistrict1, 111
15, District5SubDistrict1, 112
15, District5SubDistrict1, 113
15, District5SubDistrict1, 114
15, District5SubDistrict1, 115
17, District5SubDistrict3, 116
17, District5SubDistrict3, 117
17, District5SubDistrict3, 118
17, District5SubDistrict3, 119
16, District5SubDistrict2, 120
16, District5SubDistrict2, 121
16, District5SubDistrict2, 122
16, District5SubDistrict2, 123
19, District6SubDistrict2, 124
19, District6SubDistrict2, 125
19, District6SubDistrict2, 126
19, District6SubDistrict2, 127
19, District6SubDistrict2, 128
19, District6SubDistrict2, 129
19, District6SubDistrict2, 130
18, District6SubDistrict1, 131
18, District6SubDistrict1, 132
18, District6SubDistrict1, 133
18, District6SubDistrict1, 134
18, District6SubDistrict1, 135
18, District6SubDistrict1, 136
21, District7SubDistrict1, 137
21, District7SubDistrict1, 138
21, District7SubDistrict1, 139
21, District7SubDistrict1, 140
21, District7SubDistrict1, 141
21, District7SubDistrict1, 142
20, District6SubDistrict3, 143
20, District6SubDistrict3, 144
20, District6SubDistrict3, 145
20, District6SubDistrict3, 146
20, District6SubDistrict3, 147
20, District6SubDistrict3, 148
20, District6SubDistrict3, 149
20, District6SubDistrict3, 150
20, District6SubDistrict3, 151
20, District6SubDistrict3, 152
23, District7SubDistrict3, 153
23, District7SubDistrict3, 154
23, District7SubDistrict3, 155
23, District7SubDistrict3, 156
23, District7SubDistrict3, 157
23, District7SubDistrict3, 158
23, District7SubDistrict3, 159
23, District7SubDistrict3, 160
23, District7SubDistrict3, 161
22, District7SubDistrict2, 162
22, District7SubDistrict2, 163
22, District7SubDistrict2, 164
22, District7SubDistrict2, 165
22, District7SubDistrict2, 166
22, District7SubDistrict2, 167
22, District7SubDistrict2, 168
25, District8SubDistrict1, 169
25, District8SubDistrict1, 170
25, District8SubDistrict1, 171
25, District8SubDistrict1, 172
25, District8SubDistrict1, 173
25, District8SubDistrict1, 174
25, District8SubDistrict1, 175
24, District7SubDistrict4, 176
24, District7SubDistrict4, 177
24, District7SubDistrict4, 178
24, District7SubDistrict4, 179
24, District7SubDistrict4, 180
24, District7SubDistrict4, 181
24, District7SubDistrict4, 182
24, District7SubDistrict4, 183
24, District7SubDistrict4, 184
27, District8SubDistrict3, 185
27, District8SubDistrict3, 186
27, District8SubDistrict3, 187
27, District8SubDistrict3, 188
27, District8SubDistrict3, 189
27, District8SubDistrict3, 190
27, District8SubDistrict3, 191
26, District8SubDistrict2, 192
26, District8SubDistrict2, 193
26, District8SubDistrict2, 194
26, District8SubDistrict2, 195
26, District8SubDistrict2, 196
29, District9SubDistrict2, 197
29, District9SubDistrict2, 198
29, District9SubDistrict2, 199
29, District9SubDistrict2, 200
29, District9SubDistrict2, 201
29, District9SubDistrict2, 202
29, District9SubDistrict2, 203
29, District9SubDistrict2, 204
29, District9SubDistrict2, 205
29, District9SubDistrict2, 206
28, District9SubDistrict1, 207
28, District9SubDistrict1, 208
28, District9SubDistrict1, 209
28, District9SubDistrict1, 210
28, District9SubDistrict1, 211
31, District9SubDistrict4, 212
31, District9SubDistrict4, 213
31, District9SubDistrict4, 214
31, District9SubDistrict4, 215
31, District9SubDistrict4, 216
30, District9SubDistrict3, 217
30, District9SubDistrict3, 218
30, District9SubDistrict3, 219
30, District9SubDistrict3, 220
30, District9SubDistrict3, 221
30, District9SubDistrict3, 222
30, District9SubDistrict3, 223
30, District9SubDistrict3, 224
30, District9SubDistrict3, 225
30, District9SubDistrict3, 226
34, District10SubDistrict3, 227
34, District10SubDistrict3, 228
34, District10SubDistrict3, 229
34, District10SubDistrict3, 230
34, District10SubDistrict3, 231
34, District10SubDistrict3, 232
34, District10SubDistrict3, 233
34, District10SubDistrict3, 234
34, District10SubDistrict3, 235
34, District10SubDistrict3, 236
35, District10SubDistrict4, 237
35, District10SubDistrict4, 238
35, District10SubDistrict4, 239
35, District10SubDistrict4, 240
32, District10SubDistrict1, 241
32, District10SubDistrict1, 242
32, District10SubDistrict1, 243
32, District10SubDistrict1, 244
33, District10SubDistrict2, 245
33, District10SubDistrict2, 246
33, District10SubDistrict2, 247
33, District10SubDistrict2, 248
33, District10SubDistrict2, 249
38, District11SubDistrict3, 250
38, District11SubDistrict3, 251
38, District11SubDistrict3, 252
38, District11SubDistrict3, 253
38, District11SubDistrict3, 254
38, District11SubDistrict3, 255
38, District11SubDistrict3, 256
39, District12SubDistrict1, 257
39, District12SubDistrict1, 258
39, District12SubDistrict1, 259
39, District12SubDistrict1, 260
39, District12SubDistrict1, 261
36, District11SubDistrict1, 262
36, District11SubDistrict1, 263
36, District11SubDistrict1, 264
36, District11SubDistrict1, 265
36, District11SubDistrict1, 266
36, District11SubDistrict1, 267
36, District11SubDistrict1, 268
36, District11SubDistrict1, 269
37, District11SubDistrict2, 270
37, District11SubDistrict2, 271
37, District11SubDistrict2, 272
37, District11SubDistrict2, 273
37, District11SubDistrict2, 274
42, District12SubDistrict4, 275
42, District12SubDistrict4, 276
42, District12SubDistrict4, 277
42, District12SubDistrict4, 278
42, District12SubDistrict4, 279
43, District13SubDistrict1, 280
43, District13SubDistrict1, 281
43, District13SubDistrict1, 282
43, District13SubDistrict1, 283
43, District13SubDistrict1, 284
43, District13SubDistrict1, 285
40, District12SubDistrict2, 286
40, District12SubDistrict2, 287
40, District12SubDistrict2, 288
40, District12SubDistrict2, 289
40, District12SubDistrict2, 290
41, District12SubDistrict3, 291
41, District12SubDistrict3, 292
41, District12SubDistrict3, 293
41, District12SubDistrict3, 294
41, District12SubDistrict3, 295
41, District12SubDistrict3, 296
41, District12SubDistrict3, 297
41, District12SubDistrict3, 298
41, District12SubDistrict3, 299
41, District12SubDistrict3, 300
46, District13SubDistrict4, 301
46, District13SubDistrict4, 302
46, District13SubDistrict4, 303
46, District13SubDistrict4, 304
46, District13SubDistrict4, 305
46, District13SubDistrict4, 306
46, District13SubDistrict4, 307
46, District13SubDistrict4, 308
47, District14SubDistrict1, 309
47, District14SubDistrict1, 310
47, District14SubDistrict1, 311
47, District14SubDistrict1, 312
44, District13SubDistrict2, 313
44, District13SubDistrict2, 314
44, District13SubDistrict2, 315
44, District13SubDistrict2, 316
44, District13SubDistrict2, 317
44, District13SubDistrict2, 318
45, District13SubDistrict3, 319
45, District13SubDistrict3, 320
45, District13SubDistrict3, 321
45, District13SubDistrict3, 322
45, District13SubDistrict3, 323
51, District15SubDistrict1, 324
51, District15SubDistrict1, 325
51, District15SubDistrict1, 326
51, District15SubDistrict1, 327
51, District15SubDistrict1, 328
51, District15SubDistrict1, 329
51, District15SubDistrict1, 330
51, District15SubDistrict1, 331
50, District14SubDistrict4, 332
50, District14SubDistrict4, 333
50, District14SubDistrict4, 334
50, District14SubDistrict4, 335
50, District14SubDistrict4, 336
50, District14SubDistrict4, 337
50, District14SubDistrict4, 338
49, District14SubDistrict3, 339
49, District14SubDistrict3, 340
49, District14SubDistrict3, 341
49, District14SubDistrict3, 342
49, District14SubDistrict3, 343
49, District14SubDistrict3, 344
49, District14SubDistrict3, 345
49, District14SubDistrict3, 346
49, District14SubDistrict3, 347
48, District14SubDistrict2, 348
48, District14SubDistrict2, 349
48, District14SubDistrict2, 350
48, District14SubDistrict2, 351
48, District14SubDistrict2, 352
48, District14SubDistrict2, 353
48, District14SubDistrict2, 354
48, District14SubDistrict2, 355
55, District16SubDistrict2, 356
55, District16SubDistrict2, 357
55, District16SubDistrict2, 358
55, District16SubDistrict2, 359
54, District16SubDistrict1, 360
54, District16SubDistrict1, 361
54, District16SubDistrict1, 362
54, District16SubDistrict1, 363
54, District16SubDistrict1, 364
54, District16SubDistrict1, 365
54, District16SubDistrict1, 366
54, District16SubDistrict1, 367
54, District16SubDistrict1, 368
54, District16SubDistrict1, 369
53, District15SubDistrict3, 370
53, District15SubDistrict3, 371
53, District15SubDistrict3, 372
53, District15SubDistrict3, 373
53, District15SubDistrict3, 374
53, District15SubDistrict3, 375
53, District15SubDistrict3, 376
53, District15SubDistrict3, 377
53, District15SubDistrict3, 378
52, District15SubDistrict2, 379
52, District15SubDistrict2, 380
52, District15SubDistrict2, 381
52, District15SubDistrict2, 382
52, District15SubDistrict2, 383
52, District15SubDistrict2, 384
52, District15SubDistrict2, 385
52, District15SubDistrict2, 386
52, District15SubDistrict2, 387
59, District17SubDistrict2, 388
59, District17SubDistrict2, 389
59, District17SubDistrict2, 390
59, District17SubDistrict2, 391
58, District17SubDistrict1, 392
58, District17SubDistrict1, 393
58, District17SubDistrict1, 394
58, District17SubDistrict1, 395
58, District17SubDistrict1, 396
58, District17SubDistrict1, 397
58, District17SubDistrict1, 398
58, District17SubDistrict1, 399
57, District16SubDistrict4, 400
57, District16SubDistrict4, 401
57, District16SubDistrict4, 402
57, District16SubDistrict4, 403
57, District16SubDistrict4, 404
57, District16SubDistrict4, 405
57, District16SubDistrict4, 406
57, District16SubDistrict4, 407
56, District16SubDistrict3, 408
56, District16SubDistrict3, 409
56, District16SubDistrict3, 410
56, District16SubDistrict3, 411
63, District18SubDistrict2, 412
63, District18SubDistrict2, 413
63, District18SubDistrict2, 414
63, District18SubDistrict2, 415
63, District18SubDistrict2, 416
63, District18SubDistrict2, 417
63, District18SubDistrict2, 418
63, District18SubDistrict2, 419
63, District18SubDistrict2, 420
63, District18SubDistrict2, 421
62, District18SubDistrict1, 422
62, District18SubDistrict1, 423
62, District18SubDistrict1, 424
62, District18SubDistrict1, 425
62, District18SubDistrict1, 426
61, District17SubDistrict4, 427
61, District17SubDistrict4, 428
61, District17SubDistrict4, 429
61, District17SubDistrict4, 430
61, District17SubDistrict4, 431
61, District17SubDistrict4, 432
60, District17SubDistrict3, 433
60, District17SubDistrict3, 434
60, District17SubDistrict3, 435
60, District17SubDistrict3, 436
60, District17SubDistrict3, 437
60, District17SubDistrict3, 438
60, District17SubDistrict3, 439
60, District17SubDistrict3, 440
68, District20SubDistrict1, 441
68, District20SubDistrict1, 442
68, District20SubDistrict1, 443
68, District20SubDistrict1, 444
68, District20SubDistrict1, 445
68, District20SubDistrict1, 446
68, District20SubDistrict1, 447
69, District20SubDistrict2, 448
69, District20SubDistrict2, 449
69, District20SubDistrict2, 450
69, District20SubDistrict2, 451
69, District20SubDistrict2, 452
69, District20SubDistrict2, 453
69, District20SubDistrict2, 454
69, District20SubDistrict2, 455
69, District20SubDistrict2, 456
69, District20SubDistrict2, 457
70, District20SubDistrict3, 458
70, District20SubDistrict3, 459
70, District20SubDistrict3, 460
70, District20SubDistrict3, 461
70, District20SubDistrict3, 462
70, District20SubDistrict3, 463
70, District20SubDistrict3, 464
70, District20SubDistrict3, 465
70, District20SubDistrict3, 466
71, District20SubDistrict4, 467
71, District20SubDistrict4, 468
71, District20SubDistrict4, 469
71, District20SubDistrict4, 470
71, District20SubDistrict4, 471
71, District20SubDistrict4, 472
71, District20SubDistrict4, 473
71, District20SubDistrict4, 474
64, District18SubDistrict3, 475
64, District18SubDistrict3, 476
64, District18SubDistrict3, 477
64, District18SubDistrict3, 478
65, District19SubDistrict1, 479
65, District19SubDistrict1, 480
65, District19SubDistrict1, 481
65, District19SubDistrict1, 482
65, District19SubDistrict1, 483
65, District19SubDistrict1, 484
65, District19SubDistrict1, 485
66, District19SubDistrict2, 486
66, District19SubDistrict2, 487
66, District19SubDistrict2, 488
66, District19SubDistrict2, 489
66, District19SubDistrict2, 490
66, District19SubDistrict2, 491
67, District19SubDistrict3, 492
67, District19SubDistrict3, 493
67, District19SubDistrict3, 494
67, District19SubDistrict3, 495
67, District19SubDistrict3, 496
76, District22SubDistrict3, 497
76, District22SubDistrict3, 498
76, District22SubDistrict3, 499
76, District22SubDistrict3, 500
76, District22SubDistrict3, 501
76, District22SubDistrict3, 502
76, District22SubDistrict3, 503
76, District22SubDistrict3, 504
77, District23SubDistrict1, 505
77, District23SubDistrict1, 506
77, District23SubDistrict1, 507
77, District23SubDistrict1, 508
77, District23SubDistrict1, 509
78, District23SubDistrict2, 510
78, District23SubDistrict2, 511
78, District23SubDistrict2, 512
78, District23SubDistrict2, 513
78, District23SubDistrict2, 514
78, District23SubDistrict2, 515
79, District23SubDistrict3, 516
79, District23SubDistrict3, 517
79, District23SubDistrict3, 518
79, District23SubDistrict3, 519
79, District23SubDistrict3, 520
79, District23SubDistrict3, 521
79, District23SubDistrict3, 522
79, District23SubDistrict3, 523
72, District21SubDistrict1, 524
72, District21SubDistrict1, 525
72, District21SubDistrict1, 526
72, District21SubDistrict1, 527
72, District21SubDistrict1, 528
72, District21SubDistrict1, 529
72, District21SubDistrict1, 530
72, District21SubDistrict1, 531
72, District21SubDistrict1, 532
73, District21SubDistrict2, 533
73, District21SubDistrict2, 534
73, District21SubDistrict2, 535
73, District21SubDistrict2, 536
74, District22SubDistrict1, 537
74, District22SubDistrict1, 538
74, District22SubDistrict1, 539
74, District22SubDistrict1, 540
75, District22SubDistrict2, 541
75, District22SubDistrict2, 542
75, District22SubDistrict2, 543
75, District22SubDistrict2, 544
75, District22SubDistrict2, 545
85, District25SubDistrict2, 546
85, District25SubDistrict2, 547
85, District25SubDistrict2, 548
85, District25SubDistrict2, 549
85, District25SubDistrict2, 550
85, District25SubDistrict2, 551
85, District25SubDistrict2, 552
84, District25SubDistrict1, 553
84, District25SubDistrict1, 554
84, District25SubDistrict1, 555
84, District25SubDistrict1, 556
84, District25SubDistrict1, 557
84, District25SubDistrict1, 558
84, District25SubDistrict1, 559
84, District25SubDistrict1, 560
84, District25SubDistrict1, 561
87, District26SubDistrict2, 562
87, District26SubDistrict2, 563
87, District26SubDistrict2, 564
87, District26SubDistrict2, 565
87, District26SubDistrict2, 566
87, District26SubDistrict2, 567
87, District26SubDistrict2, 568
87, District26SubDistrict2, 569
86, District26SubDistrict1, 570
86, District26SubDistrict1, 571
86, District26SubDistrict1, 572
86, District26SubDistrict1, 573
81, District24SubDistrict2, 574
81, District24SubDistrict2, 575
81, District24SubDistrict2, 576
81, District24SubDistrict2, 577
81, District24SubDistrict2, 578
81, District24SubDistrict2, 579
81, District24SubDistrict2, 580
81, District24SubDistrict2, 581
81, District24SubDistrict2, 582
80, District24SubDistrict1, 583
80, District24SubDistrict1, 584
80, District24SubDistrict1, 585
80, District24SubDistrict1, 586
80, District24SubDistrict1, 587
83, District24SubDistrict4, 588
83, District24SubDistrict4, 589
83, District24SubDistrict4, 590
83, District24SubDistrict4, 591
83, District24SubDistrict4, 592
83, District24SubDistrict4, 593
82, District24SubDistrict3, 594
82, District24SubDistrict3, 595
82, District24SubDistrict3, 596
82, District24SubDistrict3, 597
93, District29SubDistrict1, 598
93, District29SubDistrict1, 599
93, District29SubDistrict1, 600
93, District29SubDistrict1, 601
93, District29SubDistrict1, 602
93, District29SubDistrict1, 603
93, District29SubDistrict1, 604
93, District29SubDistrict1, 605
93, District29SubDistrict1, 606
93, District29SubDistrict1, 607
92, District28SubDistrict2, 608
92, District28SubDistrict2, 609
92, District28SubDistrict2, 610
92, District28SubDistrict2, 611
92, District28SubDistrict2, 612
92, District28SubDistrict2, 613
92, District28SubDistrict2, 614
92, District28SubDistrict2, 615
95, District29SubDistrict3, 616
95, District29SubDistrict3, 617
95, District29SubDistrict3, 618
95, District29SubDistrict3, 619
95, District29SubDistrict3, 620
95, District29SubDistrict3, 621
95, District29SubDistrict3, 622
95, District29SubDistrict3, 623
95, District29SubDistrict3, 624
95, District29SubDistrict3, 625
94, District29SubDistrict2, 626
94, District29SubDistrict2, 627
94, District29SubDistrict2, 628
94, District29SubDistrict2, 629
89, District27SubDistrict2, 630
89, District27SubDistrict2, 631
89, District27SubDistrict2, 632
89, District27SubDistrict2, 633
89, District27SubDistrict2, 634
88, District27SubDistrict1, 635
88, District27SubDistrict1, 636
88, District27SubDistrict1, 637
88, District27SubDistrict1, 638
88, District27SubDistrict1, 639
88, District27SubDistrict1, 640
88, District27SubDistrict1, 641
88, District27SubDistrict1, 642
88, District27SubDistrict1, 643
88, District27SubDistrict1, 644
91, District28SubDistrict1, 645
91, District28SubDistrict1, 646
91, District28SubDistrict1, 647
91, District28SubDistrict1, 648
91, District28SubDistrict1, 649
91, District28SubDistrict1, 650
91, District28SubDistrict1, 651
91, District28SubDistrict1, 652
90, District27SubDistrict3, 653
90, District27SubDistrict3, 654
90, District27SubDistrict3, 655
90, District27SubDistrict3, 656
90, District27SubDistrict3, 657
90, District27SubDistrict3, 658
90, District27SubDistrict3, 659
90, District27SubDistrict3, 660
90, District27SubDistrict3, 661
102, District32SubDistrict1, 662
102, District32SubDistrict1, 663
102, District32SubDistrict1, 664
102, District32SubDistrict1, 665
102, District32SubDistrict1, 666
102, District32SubDistrict1, 667
102, District32SubDistrict1, 668
102, District32SubDistrict1, 669
102, District32SubDistrict1, 670
102, District32SubDistrict1, 671
103, District32SubDistrict2, 672
103, District32SubDistrict2, 673
103, District32SubDistrict2, 674
103, District32SubDistrict2, 675
103, District32SubDistrict2, 676
103, District32SubDistrict2, 677
103, District32SubDistrict2, 678
103, District32SubDistrict2, 679
100, District31SubDistrict1, 680
100, District31SubDistrict1, 681
100, District31SubDistrict1, 682
100, District31SubDistrict1, 683
100, District31SubDistrict1, 684
100, District31SubDistrict1, 685
101, District31SubDistrict2, 686
101, District31SubDistrict2, 687
101, District31SubDistrict2, 688
101, District31SubDistrict2, 689
101, District31SubDistrict2, 690
98, District30SubDistrict2, 691
98, District30SubDistrict2, 692
98, District30SubDistrict2, 693
98, District30SubDistrict2, 694
98, District30SubDistrict2, 695
99, District30SubDistrict3, 696
99, District30SubDistrict3, 697
99, District30SubDistrict3, 698
99, District30SubDistrict3, 699
99, District30SubDistrict3, 700
99, District30SubDistrict3, 701
99, District30SubDistrict3, 702
96, District29SubDistrict4, 703
96, District29SubDistrict4, 704
96, District29SubDistrict4, 705
96, District29SubDistrict4, 706
96, District29SubDistrict4, 707
96, District29SubDistrict4, 708
96, District29SubDistrict4, 709
96, District29SubDistrict4, 710
96, District29SubDistrict4, 711
97, District30SubDistrict1, 712
97, District30SubDistrict1, 713
97, District30SubDistrict1, 714
97, District30SubDistrict1, 715
97, District30SubDistrict1, 716
97, District30SubDistrict1, 717
110, District34SubDistrict2, 718
110, District34SubDistrict2, 719
110, District34SubDistrict2, 720
110, District34SubDistrict2, 721
110, District34SubDistrict2, 722
110, District34SubDistrict2, 723
110, District34SubDistrict2, 724
111, District34SubDistrict3, 725
111, District34SubDistrict3, 726
111, District34SubDistrict3, 727
111, District34SubDistrict3, 728
111, District34SubDistrict3, 729
111, District34SubDistrict3, 730
108, District33SubDistrict3, 731
108, District33SubDistrict3, 732
108, District33SubDistrict3, 733
108, District33SubDistrict3, 734
109, District34SubDistrict1, 735
109, District34SubDistrict1, 736
109, District34SubDistrict1, 737
109, District34SubDistrict1, 738
109, District34SubDistrict1, 739
109, District34SubDistrict1, 740
109, District34SubDistrict1, 741
109, District34SubDistrict1, 742
109, District34SubDistrict1, 743
109, District34SubDistrict1, 744
106, District33SubDistrict1, 745
106, District33SubDistrict1, 746
106, District33SubDistrict1, 747
106, District33SubDistrict1, 748
106, District33SubDistrict1, 749
106, District33SubDistrict1, 750
107, District33SubDistrict2, 751
107, District33SubDistrict2, 752
107, District33SubDistrict2, 753
107, District33SubDistrict2, 754
107, District33SubDistrict2, 755
107, District33SubDistrict2, 756
107, District33SubDistrict2, 757
107, District33SubDistrict2, 758
107, District33SubDistrict2, 759
107, District33SubDistrict2, 760
104, District32SubDistrict3, 761
104, District32SubDistrict3, 762
104, District32SubDistrict3, 763
104, District32SubDistrict3, 764
104, District32SubDistrict3, 765
104, District32SubDistrict3, 766
104, District32SubDistrict3, 767
104, District32SubDistrict3, 768
105, District32SubDistrict4, 769
105, District32SubDistrict4, 770
105, District32SubDistrict4, 771
105, District32SubDistrict4, 772
105, District32SubDistrict4, 773
105, District32SubDistrict4, 774
105, District32SubDistrict4, 775
105, District32SubDistrict4, 776
119, District37SubDistrict1, 777
119, District37SubDistrict1, 778
119, District37SubDistrict1, 779
119, District37SubDistrict1, 780
119, District37SubDistrict1, 781
119, District37SubDistrict1, 782
119, District37SubDistrict1, 783
119, District37SubDistrict1, 784
118, District36SubDistrict3, 785
118, District36SubDistrict3, 786
118, District36SubDistrict3, 787
118, District36SubDistrict3, 788
117, District36SubDistrict2, 789
117, District36SubDistrict2, 790
117, District36SubDistrict2, 791
117, District36SubDistrict2, 792
117, District36SubDistrict2, 793
117, District36SubDistrict2, 794
116, District36SubDistrict1, 795
116, District36SubDistrict1, 796
116, District36SubDistrict1, 797
116, District36SubDistrict1, 798
116, District36SubDistrict1, 799
116, District36SubDistrict1, 800
116, District36SubDistrict1, 801
116, District36SubDistrict1, 802
116, District36SubDistrict1, 803
116, District36SubDistrict1, 804
115, District35SubDistrict3, 805
115, District35SubDistrict3, 806
115, District35SubDistrict3, 807
115, District35SubDistrict3, 808
115, District35SubDistrict3, 809
115, District35SubDistrict3, 810
115, District35SubDistrict3, 811
115, District35SubDistrict3, 812
115, District35SubDistrict3, 813
114, District35SubDistrict2, 814
114, District35SubDistrict2, 815
114, District35SubDistrict2, 816
114, District35SubDistrict2, 817
114, District35SubDistrict2, 818
114, District35SubDistrict2, 819
114, District35SubDistrict2, 820
114, District35SubDistrict2, 821
114, District35SubDistrict2, 822
113, District35SubDistrict1, 823
113, District35SubDistrict1, 824
113, District35SubDistrict1, 825
113, District35SubDistrict1, 826
112, District34SubDistrict4, 827
112, District34SubDistrict4, 828
112, District34SubDistrict4, 829
112, District34SubDistrict4, 830
112, District34SubDistrict4, 831
127, District39SubDistrict2, 832
127, District39SubDistrict2, 833
127, District39SubDistrict2, 834
127, District39SubDistrict2, 835
127, District39SubDistrict2, 836
126, District39SubDistrict1, 837
126, District39SubDistrict1, 838
126, District39SubDistrict1, 839
126, District39SubDistrict1, 840
126, District39SubDistrict1, 841
126, District39SubDistrict1, 842
125, District38SubDistrict4, 843
125, District38SubDistrict4, 844
125, District38SubDistrict4, 845
125, District38SubDistrict4, 846
125, District38SubDistrict4, 847
125, District38SubDistrict4, 848
124, District38SubDistrict3, 849
124, District38SubDistrict3, 850
124, District38SubDistrict3, 851
124, District38SubDistrict3, 852
124, District38SubDistrict3, 853
124, District38SubDistrict3, 854
124, District38SubDistrict3, 855
123, District38SubDistrict2, 856
123, District38SubDistrict2, 857
123, District38SubDistrict2, 858
123, District38SubDistrict2, 859
123, District38SubDistrict2, 860
123, District38SubDistrict2, 861
123, District38SubDistrict2, 862
123, District38SubDistrict2, 863
123, District38SubDistrict2, 864
123, District38SubDistrict2, 865
122, District38SubDistrict1, 866
122, District38SubDistrict1, 867
122, District38SubDistrict1, 868
122, District38SubDistrict1, 869
122, District38SubDistrict1, 870
122, District38SubDistrict1, 871
122, District38SubDistrict1, 872
122, District38SubDistrict1, 873
122, District38SubDistrict1, 874
121, District37SubDistrict3, 875
121, District37SubDistrict3, 876
121, District37SubDistrict3, 877
121, District37SubDistrict3, 878
121, District37SubDistrict3, 879
121, District37SubDistrict3, 880
120, District37SubDistrict2, 881
120, District37SubDistrict2, 882
120, District37SubDistrict2, 883
120, District37SubDistrict2, 884
137, District42SubDistrict3, 885
137, District42SubDistrict3, 886
137, District42SubDistrict3, 887
137, District42SubDistrict3, 888
137, District42SubDistrict3, 889
137, District42SubDistrict3, 890
137, District42SubDistrict3, 891
137, District42SubDistrict3, 892
136, District42SubDistrict2, 893
136, District42SubDistrict2, 894
136, District42SubDistrict2, 895
136, District42SubDistrict2, 896
136, District42SubDistrict2, 897
136, District42SubDistrict2, 898
139, District43SubDistrict2, 899
139, District43SubDistrict2, 900
139, District43SubDistrict2, 901
139, District43SubDistrict2, 902
139, District43SubDistrict2, 903
139, District43SubDistrict2, 904
139, District43SubDistrict2, 905
139, District43SubDistrict2, 906
139, District43SubDistrict2, 907
138, District43SubDistrict1, 908
138, District43SubDistrict1, 909
138, District43SubDistrict1, 910
138, District43SubDistrict1, 911
138, District43SubDistrict1, 912
138, District43SubDistrict1, 913
138, District43SubDistrict1, 914
138, District43SubDistrict1, 915
141, District44SubDistrict2, 916
141, District44SubDistrict2, 917
141, District44SubDistrict2, 918
141, District44SubDistrict2, 919
141, District44SubDistrict2, 920
141, District44SubDistrict2, 921
141, District44SubDistrict2, 922
141, District44SubDistrict2, 923
141, District44SubDistrict2, 924
140, District44SubDistrict1, 925
140, District44SubDistrict1, 926
140, District44SubDistrict1, 927
140, District44SubDistrict1, 928
143, District44SubDistrict4, 929
143, District44SubDistrict4, 930
143, District44SubDistrict4, 931
143, District44SubDistrict4, 932
143, District44SubDistrict4, 933
142, District44SubDistrict3, 934
142, District44SubDistrict3, 935
142, District44SubDistrict3, 936
142, District44SubDistrict3, 937
129, District39SubDistrict4, 938
129, District39SubDistrict4, 939
129, District39SubDistrict4, 940
129, District39SubDistrict4, 941
129, District39SubDistrict4, 942
128, District39SubDistrict3, 943
128, District39SubDistrict3, 944
128, District39SubDistrict3, 945
128, District39SubDistrict3, 946
128, District39SubDistrict3, 947
128, District39SubDistrict3, 948
128, District39SubDistrict3, 949
128, District39SubDistrict3, 950
131, District40SubDistrict2, 951
131, District40SubDistrict2, 952
131, District40SubDistrict2, 953
131, District40SubDistrict2, 954
131, District40SubDistrict2, 955
131, District40SubDistrict2, 956
131, District40SubDistrict2, 957
131, District40SubDistrict2, 958
130, District40SubDistrict1, 959
130, District40SubDistrict1, 960
130, District40SubDistrict1, 961
130, District40SubDistrict1, 962
130, District40SubDistrict1, 963
130, District40SubDistrict1, 964
133, District41SubDistrict2, 965
133, District41SubDistrict2, 966
133, District41SubDistrict2, 967
133, District41SubDistrict2, 968
132, District41SubDistrict1, 969
132, District41SubDistrict1, 970
132, District41SubDistrict1, 971
132, District41SubDistrict1, 972
132, District41SubDistrict1, 973
132, District41SubDistrict1, 974
132, District41SubDistrict1, 975
135, District42SubDistrict1, 976
135, District42SubDistrict1, 977
135, District42SubDistrict1, 978
135, District42SubDistrict1, 979
135, District42SubDistrict1, 980
135, District42SubDistrict1, 981
135, District42SubDistrict1, 982
135, District42SubDistrict1, 983
135, District42SubDistrict1, 984
135, District42SubDistrict1, 985
134, District41SubDistrict3, 986
134, District41SubDistrict3, 987
134, District41SubDistrict3, 988
134, District41SubDistrict3, 989
134, District41SubDistrict3, 990
134, District41SubDistrict3, 991
134, District41SubDistrict3, 992
134, District41SubDistrict3, 993
134, District41SubDistrict3, 994
134, District41SubDistrict3, 995
152, District47SubDistrict3, 996
152, District47SubDistrict3, 997
152, District47SubDistrict3, 998
152, District47SubDistrict3, 999
152, District47SubDistrict3, 1000
152, District47SubDistrict3, 1001
152, District47SubDistrict3, 1002
153, District48SubDistrict1, 1003
153, District48SubDistrict1, 1004
153, District48SubDistrict1, 1005
153, District48SubDistrict1, 1006
153, District48SubDistrict1, 1007
153, District48SubDistrict1, 1008
153, District48SubDistrict1, 1009
153, District48SubDistrict1, 1010
153, District48SubDistrict1, 1011
153, District48SubDistrict1, 1012
154, District48SubDistrict2, 1013
154, District48SubDistrict2, 1014
154, District48SubDistrict2, 1015
154, District48SubDistrict2, 1016
154, District48SubDistrict2, 1017
154, District48SubDistrict2, 1018
154, District48SubDistrict2, 1019
154, District48SubDistrict2, 1020
155, District48SubDistrict3, 1021
155, District48SubDistrict3, 1022
155, District48SubDistrict3, 1023
155, District48SubDistrict3, 1024
155, District48SubDistrict3, 1025
155, District48SubDistrict3, 1026
155, District48SubDistrict3, 1027
155, District48SubDistrict3, 1028
156, District49SubDistrict1, 1029
156, District49SubDistrict1, 1030
156, District49SubDistrict1, 1031
156, District49SubDistrict1, 1032
157, District49SubDistrict2, 1033
157, District49SubDistrict2, 1034
157, District49SubDistrict2, 1035
157, District49SubDistrict2, 1036
157, District49SubDistrict2, 1037
158, District49SubDistrict3, 1038
158, District49SubDistrict3, 1039
158, District49SubDistrict3, 1040
158, District49SubDistrict3, 1041
158, District49SubDistrict3, 1042
158, District49SubDistrict3, 1043
158, District49SubDistrict3, 1044
159, District49SubDistrict4, 1045
159, District49SubDistrict4, 1046
159, District49SubDistrict4, 1047
159, District49SubDistrict4, 1048
144, District45SubDistrict1, 1049
144, District45SubDistrict1, 1050
144, District45SubDistrict1, 1051
144, District45SubDistrict1, 1052
144, District45SubDistrict1, 1053
144, District45SubDistrict1, 1054
145, District45SubDistrict2, 1055
145, District45SubDistrict2, 1056
145, District45SubDistrict2, 1057
145, District45SubDistrict2, 1058
145, District45SubDistrict2, 1059
145, District45SubDistrict2, 1060
145, District45SubDistrict2, 1061
145, District45SubDistrict2, 1062
146, District46SubDistrict1, 1063
146, District46SubDistrict1, 1064
146, District46SubDistrict1, 1065
146, District46SubDistrict1, 1066
146, District46SubDistrict1, 1067
146, District46SubDistrict1, 1068
147, District46SubDistrict2, 1069
147, District46SubDistrict2, 1070
147, District46SubDistrict2, 1071
147, District46SubDistrict2, 1072
147, District46SubDistrict2, 1073
147, District46SubDistrict2, 1074
147, District46SubDistrict2, 1075
147, District46SubDistrict2, 1076
147, District46SubDistrict2, 1077
148, District46SubDistrict3, 1078
148, District46SubDistrict3, 1079
148, District46SubDistrict3, 1080
148, District46SubDistrict3, 1081
149, District46SubDistrict4, 1082
149, District46SubDistrict4, 1083
149, District46SubDistrict4, 1084
149, District46SubDistrict4, 1085
149, District46SubDistrict4, 1086
149, District46SubDistrict4, 1087
149, District46SubDistrict4, 1088
149, District46SubDistrict4, 1089
149, District46SubDistrict4, 1090
149, District46SubDistrict4, 1091
150, District47SubDistrict1, 1092
150, District47SubDistrict1, 1093
150, District47SubDistrict1, 1094
150, District47SubDistrict1, 1095
150, District47SubDistrict1, 1096
150, District47SubDistrict1, 1097
150, District47SubDistrict1, 1098
150, District47SubDistrict1, 1099
151, District47SubDistrict2, 1100
151, District47SubDistrict2, 1101
151, District47SubDistrict2, 1102
151, District47SubDistrict2, 1103
151, District47SubDistrict2, 1104
151, District47SubDistrict2, 1105
151, District47SubDistrict2, 1106
171, District54SubDistrict2, 1107
171, District54SubDistrict2, 1108
171, District54SubDistrict2, 1109
171, District54SubDistrict2, 1110
171, District54SubDistrict2, 1111
171, District54SubDistrict2, 1112
171, District54SubDistrict2, 1113
171, District54SubDistrict2, 1114
171, District54SubDistrict2, 1115
171, District54SubDistrict2, 1116
170, District54SubDistrict1, 1117
170, District54SubDistrict1, 1118
170, District54SubDistrict1, 1119
170, District54SubDistrict1, 1120
170, District54SubDistrict1, 1121
169, District53SubDistrict3, 1122
169, District53SubDistrict3, 1123
169, District53SubDistrict3, 1124
169, District53SubDistrict3, 1125
168, District53SubDistrict2, 1126
168, District53SubDistrict2, 1127
168, District53SubDistrict2, 1128
168, District53SubDistrict2, 1129
168, District53SubDistrict2, 1130
168, District53SubDistrict2, 1131
168, District53SubDistrict2, 1132
168, District53SubDistrict2, 1133
168, District53SubDistrict2, 1134
168, District53SubDistrict2, 1135
175, District56SubDistrict1, 1136
175, District56SubDistrict1, 1137
175, District56SubDistrict1, 1138
175, District56SubDistrict1, 1139
175, District56SubDistrict1, 1140
175, District56SubDistrict1, 1141
175, District56SubDistrict1, 1142
175, District56SubDistrict1, 1143
174, District55SubDistrict2, 1144
174, District55SubDistrict2, 1145
174, District55SubDistrict2, 1146
174, District55SubDistrict2, 1147
174, District55SubDistrict2, 1148
174, District55SubDistrict2, 1149
174, District55SubDistrict2, 1150
174, District55SubDistrict2, 1151
173, District55SubDistrict1, 1152
173, District55SubDistrict1, 1153
173, District55SubDistrict1, 1154
173, District55SubDistrict1, 1155
172, District54SubDistrict3, 1156
172, District54SubDistrict3, 1157
172, District54SubDistrict3, 1158
172, District54SubDistrict3, 1159
172, District54SubDistrict3, 1160
163, District51SubDistrict2, 1161
163, District51SubDistrict2, 1162
163, District51SubDistrict2, 1163
163, District51SubDistrict2, 1164
163, District51SubDistrict2, 1165
162, District51SubDistrict1, 1166
162, District51SubDistrict1, 1167
162, District51SubDistrict1, 1168
162, District51SubDistrict1, 1169
162, District51SubDistrict1, 1170
162, District51SubDistrict1, 1171
162, District51SubDistrict1, 1172
162, District51SubDistrict1, 1173
162, District51SubDistrict1, 1174
161, District50SubDistrict2, 1175
161, District50SubDistrict2, 1176
161, District50SubDistrict2, 1177
161, District50SubDistrict2, 1178
161, District50SubDistrict2, 1179
160, District50SubDistrict1, 1180
160, District50SubDistrict1, 1181
160, District50SubDistrict1, 1182
160, District50SubDistrict1, 1183
160, District50SubDistrict1, 1184
160, District50SubDistrict1, 1185
160, District50SubDistrict1, 1186
160, District50SubDistrict1, 1187
160, District50SubDistrict1, 1188
167, District53SubDistrict1, 1189
167, District53SubDistrict1, 1190
167, District53SubDistrict1, 1191
167, District53SubDistrict1, 1192
167, District53SubDistrict1, 1193
167, District53SubDistrict1, 1194
167, District53SubDistrict1, 1195
166, District52SubDistrict3, 1196
166, District52SubDistrict3, 1197
166, District52SubDistrict3, 1198
166, District52SubDistrict3, 1199
166, District52SubDistrict3, 1200
166, District52SubDistrict3, 1201
165, District52SubDistrict2, 1202
165, District52SubDistrict2, 1203
165, District52SubDistrict2, 1204
165, District52SubDistrict2, 1205
165, District52SubDistrict2, 1206
165, District52SubDistrict2, 1207
165, District52SubDistrict2, 1208
165, District52SubDistrict2, 1209
165, District52SubDistrict2, 1210
165, District52SubDistrict2, 1211
164, District52SubDistrict1, 1212
164, District52SubDistrict1, 1213
164, District52SubDistrict1, 1214
164, District52SubDistrict1, 1215
164, District52SubDistrict1, 1216
164, District52SubDistrict1, 1217
164, District52SubDistrict1, 1218
164, District52SubDistrict1, 1219
164, District52SubDistrict1, 1220
186, District59SubDistrict2, 1221
186, District59SubDistrict2, 1222
186, District59SubDistrict2, 1223
186, District59SubDistrict2, 1224
186, District59SubDistrict2, 1225
186, District59SubDistrict2, 1226
186, District59SubDistrict2, 1227
186, District59SubDistrict2, 1228
187, District59SubDistrict3, 1229
187, District59SubDistrict3, 1230
187, District59SubDistrict3, 1231
187, District59SubDistrict3, 1232
184, District58SubDistrict2, 1233
184, District58SubDistrict2, 1234
184, District58SubDistrict2, 1235
184, District58SubDistrict2, 1236
184, District58SubDistrict2, 1237
185, District59SubDistrict1, 1238
185, District59SubDistrict1, 1239
185, District59SubDistrict1, 1240
185, District59SubDistrict1, 1241
185, District59SubDistrict1, 1242
185, District59SubDistrict1, 1243
185, District59SubDistrict1, 1244
185, District59SubDistrict1, 1245
185, District59SubDistrict1, 1246
190, District60SubDistrict2, 1247
190, District60SubDistrict2, 1248
190, District60SubDistrict2, 1249
190, District60SubDistrict2, 1250
190, District60SubDistrict2, 1251
190, District60SubDistrict2, 1252
190, District60SubDistrict2, 1253
191, District60SubDistrict3, 1254
191, District60SubDistrict3, 1255
191, District60SubDistrict3, 1256
191, District60SubDistrict3, 1257
191, District60SubDistrict3, 1258
191, District60SubDistrict3, 1259
191, District60SubDistrict3, 1260
191, District60SubDistrict3, 1261
191, District60SubDistrict3, 1262
188, District59SubDistrict4, 1263
188, District59SubDistrict4, 1264
188, District59SubDistrict4, 1265
188, District59SubDistrict4, 1266
188, District59SubDistrict4, 1267
188, District59SubDistrict4, 1268
188, District59SubDistrict4, 1269
189, District60SubDistrict1, 1270
189, District60SubDistrict1, 1271
189, District60SubDistrict1, 1272
189, District60SubDistrict1, 1273
178, District56SubDistrict4, 1274
178, District56SubDistrict4, 1275
178, District56SubDistrict4, 1276
178, District56SubDistrict4, 1277
178, District56SubDistrict4, 1278
179, District57SubDistrict1, 1279
179, District57SubDistrict1, 1280
179, District57SubDistrict1, 1281
179, District57SubDistrict1, 1282
176, District56SubDistrict2, 1283
176, District56SubDistrict2, 1284
176, District56SubDistrict2, 1285
176, District56SubDistrict2, 1286
176, District56SubDistrict2, 1287
176, District56SubDistrict2, 1288
177, District56SubDistrict3, 1289
177, District56SubDistrict3, 1290
177, District56SubDistrict3, 1291
177, District56SubDistrict3, 1292
177, District56SubDistrict3, 1293
177, District56SubDistrict3, 1294
177, District56SubDistrict3, 1295
177, District56SubDistrict3, 1296
177, District56SubDistrict3, 1297
182, District57SubDistrict4, 1298
182, District57SubDistrict4, 1299
182, District57SubDistrict4, 1300
182, District57SubDistrict4, 1301
182, District57SubDistrict4, 1302
182, District57SubDistrict4, 1303
182, District57SubDistrict4, 1304
182, District57SubDistrict4, 1305
182, District57SubDistrict4, 1306
183, District58SubDistrict1, 1307
183, District58SubDistrict1, 1308
183, District58SubDistrict1, 1309
183, District58SubDistrict1, 1310
183, District58SubDistrict1, 1311
180, District57SubDistrict2, 1312
180, District57SubDistrict2, 1313
180, District57SubDistrict2, 1314
180, District57SubDistrict2, 1315
180, District57SubDistrict2, 1316
180, District57SubDistrict2, 1317
180, District57SubDistrict2, 1318
180, District57SubDistrict2, 1319
181, District57SubDistrict3, 1320
181, District57SubDistrict3, 1321
181, District57SubDistrict3, 1322
181, District57SubDistrict3, 1323
181, District57SubDistrict3, 1324
181, District57SubDistrict3, 1325
181, District57SubDistrict3, 1326
181, District57SubDistrict3, 1327
181, District57SubDistrict3, 1328
181, District57SubDistrict3, 1329
192, District60SubDistrict4, 1330
192, District60SubDistrict4, 1331
192, District60SubDistrict4, 1332
192, District60SubDistrict4, 1333
